Workbook
Name County: #REF!
Name Feeding: #REF!

Sheet Interface
A1: Storm Surge Shelter Demand Model – Input Configuration
A2: Welcome! This interface is designed to help the user configure inputs for the Storm Surge Shelter Demand Model. Instructions: - Step 1: Required inputs from NHC forecasts. - Steps 2, 3, 4, 5: Inputs are filled with default values. Modification of these inputs is optional and at the user's discretion (refer to Data Dictionary tab). - Step 5: A Python code snippet will be automatically generated. Copy directly into Google Colab. - Step 6: Paste code snippet directly from Google Colab.
A3: Select the variable names to see their definition and any associated data validation rules
A4: Step 1: Inputs from NHC forecast (required)
A6: Storm ID | C6: AL142018
A7: Storm Name | C7: Michael
A8: Latest Advisory # | C8: 22
A9: Storm Year | C9: 2018
A11: Step 2: Residential building types to include (optional)
A12: Building Type | C12: Include (Y/N)
A13: Single Family Dwelling | C13: Y
A14: Manufactured/Mobile Home | C14: Y
A15: Multi-Family Dwelling: Duplex | C15: Y
A16: Multi-Family Dwelling: 3-4 units | C16: Y
A17: Multi-Family Dwelling: 5-9 units | C17: Y
A18: Multi-Family Dwelling: 10-19 units | C18: Y
A19: Multi-Family Dwelling: 20-49 units | C19: Y
A20: Multi-Family Dwelling: 50+ units | C20: Y
A21: Temporary Lodging (Hotel/Motel) | C21: N
A22: Institutional Dormitory (group housing - military, college) | C22: N
A23: Nursing Home | C23: N
A25: Step 3: Criteria for damage assessment categories (optional)
A26: Predicted Storm Surge Height | C26: Category Label
A27: >9 feet | C27: destroyed
A28: >6 feet | C28: destroyed
A29: >3 feet | C29: major
A30: >1 foot | C30: minor
A32: Step 4: Geographic Level of Results (optional)
A33: Geography | C33: census tract
A35: Step 5: Run Colab Notebook
B36: =_xludf.UNICHAR(10227) -> #NAME? | D36: =_xludf.UNICHAR(10227) -> #NAME?

Sheet Data Dictionary
A1: Step | B1: Variable Name | C1: Data Validation Rules | D1: Definition
A2: 1 | B2: Storm ID | D2: The NHC storm ID associated with this event.
A3: 1 | B3: Storm Name | D3: The NHC storm name associated with this event.
A4: 1 | B4: Latest Advisory # | C4: 1 - may contain a letter (e.g. a, b, c) | D4: The latest NHC advisory associated with this event.
A5: 1 | B5: Storm Year | D5: The calendar year associated with the event (defaults to current year).
B6: Criteria for damage levels
B7: % Destroyed
B8: % Major Damage
B9: High
B10: Medium
B11: Low
B12: SVI Mapping Threshold | C12: Each cell must have a value greater than equal to 0 and smaller or equal to 1. | D12: The mapping of SVI value ranges to % Non-Habitable Residents Seeking Shelter.
B13: SVI | C13: N/A | D13: Social Vulnerability Index - The CDC’s SVI is an index that ranks a tract's social vulnerability. SVI is a percentile ranking. Score ranges from 0 (lowest vulnerability) to 1 (highest vulnerability).

Sheet archive data dictionary
A1: Step | B1: Variable Name | C1: Data Validation Rules | D1: Definition
A2: 1 | B2: Storm ID | C2: N/A | D2: The NHC storm ID associated with this event.
A3: 1 | B3: Storm Name | C3: N/A | D3: The NHC storm name associated with this event.
A4: 1 | B4: Latest Advisory # | C4: 1 - | D4: The latest NHC advisory associated with this event.
A5: 1 | B5: Storm Year | D5: The calendar year associated with the event (defaults to current year).
B6: Criteria for damage levels
B7: % Destroyed
B8: % Major Damage
B9: High
B10: Medium
B11: Low
A12: 2 | B12: Intensity Metric | C12: Select from dropdown menu. | D12: The PGA used to assess earthquake intensity (whether to use the low PGA, medium PGA, or the high PGA detected).
A13: 3 | B13: Building Usability Thresholds | C13: Each cell must have a value greater than equal to 0 and smaller or equal to 1; Each row sums up to 1. | D13: Usability Ratios for each damage level and usability class.
A14: 3 | B14: Slight Damage | C14: N/A | D14: Small cracks at corners of door and window openings and wall-ceiling intersections; small cracks on stucco and plaster walls. Some slippage may be observed at bolted connections.
A15: 3 | B15: Moderate Damage | C15: N/A | D15: Larger cracks at corners of door and window openings; small diagonal cracks across shear wall panels exhibited by cracks in stucco and gypsum wall panels; minor slack (less than 1/8” extension) in diagonal rod bracing requiring re-tightening; minor lateral set at store fronts and other large openings; small cracks or wood splitting may be observed at bolted connections.
A16: 3 | B16: Extensive Damage | C16: N/A | D16: Large diagonal cracks across shear wall panels; large slack in diagonal rod braces and/or broken braces; permanent lateral movement of floors and roof; cracks in foundations; splitting of wood sill plates and/or slippage of structure over foundations; partial collapse of “soft-story” configurations; bolt slippage and wood splitting at bolted connections.
A17: 3 | B17: Complete Damage | C17: N/A | D17: Structure may have large permanent lateral displacement, may collapse or be in imminent danger of collapse due to failed shear walls, broken brace rods or failed framing connections; it may fall its foundations; large cracks in the foundations. Approximately 3% of the total area of W2 buildings with Complete damage is expected to be collapsed.
A18: 4 | B18: Utility Loss Severity by Damage Category | C18: Each cell must have a value greater than equal to 0 and smaller or equal to 1. | D18: Threshold used to Identify if the census tract is a low, medium or high damage tract based on the total number of destroyed and damaged buildings per tract
A19: 4 | B19: Low Severity | C19: N/A | D19: 0 - 10% buildings destroyed or 0-15% of buildings with extreme damage.
A20: 4 | B20: Medium Severity | C20: N/A | D20: 11 - 34% buildings destroyed or 16-34% of buildings with extreme damage.
A21: 4 | B21: High Severity | C21: N/A | D21: More than 35% of buildings destroyed or more than 35% of buildings with extreme damage.
A22: 4 | B22: Fully Usable | C22: N/A | D22: Building usability is the function of severity of observed damage to structural and non-structural elements of buildings. Fully usable buildings have the highest usability.
A23: 4 | B23: Partially Usable | C23: N/A | D23: Building usability is the function of severity of observed damage to structural and non-structural elements of buildings. Partially usable buildings have partial usability.
... A26: 5 | B26: SVI | C26: N/A | D26: Social Vulnerability Index - The CDC’s SVI is an index that ranks a tract's social vulnerability. SVI is a percentile ranking. Score ranges from 0 (lowest vulnerability) to 1 (highest vulnerability).

Sheet Overview
A1: Estimated Number of People Seeking Shelter
A2: =_xludf.CONCAT(ROUND(B12,0)," to ", ROUND(B13,0)) -> #NAME?
A4: Summary
A5: ="The storm surge event affected " & B10 & " census tracts, with an estimated total impacted population of " & TEXT(B11,"#,##0") & ". Based on our shelter demand model, the number of people expected to seek shelter ranges from approximately " & TEXT(B12,"0.0") & " (low estimate) to " & TEXT(B13,"0.0") & " (high estimate)." -> The storm surge event affected 2971 census tracts, with an estimated total impacted population of 13,024,672. Based on our shelter demand model, the number of people expected to seek shelter ranges from approximately 48.6 (low estimate) to 204.1 (high estimate).
A8: At a Glance
A9: Average Storm Surge Intensity | B9: =AVERAGE(final_output!B:B) -> 0.028327163
A10: Number of Tracts Impacted | B10: =COUNT(final_output!A:A) -> 2971
A11: Total Population Impacted | B11: =SUM(final_output!C:C) -> 13024672
A12: Total Shelter-Seeking Population - Low | B12: =SUM(final_output!H:H) -> 48.593793
A13: Total Shelter-Seeking Population - High | B13: =SUM(final_output!I:I) -> 204.08529
A15: Building Damage
A16: Damage Category | B16: Average | C16: Total | D16: % Total
A17: Slight | B17: =AVERAGE(final_output!J:J) -> 10.227483 | C17: =SUM(final_output!J:J) -> 30385.851 | D17: =C17/C21 -> 0.7622988
A18: Moderate | B18: =AVERAGE(final_output!K:K) -> 2.781241 | C18: =SUM(final_output!K:K) -> 8263.067 | D18: =C18/C21 -> 0.207298
A19: Extensive | B19: =AVERAGE(final_output!L:L) -> 0.35400377 | C19: =SUM(final_output!L:L) -> 1051.7452 | D19: =C19/C21 -> 0.026385441
A20: Complete | B20: =AVERAGE(final_output!M:M) -> 0.05390489 | C20: =SUM(final_output!M:M) -> 160.15143 | D20: =C20/C21 -> 0.004017766
A21: Total | B21: =AVERAGE(final_output!J:M) -> 3.3541581 | C21: =SUM(C17:C20) -> 39860.815

Sheet final_output
A1: GEOID | B1: max_intensity | C1: population | D1: Total_Num_Building | E1: risk_level | F1: BHI_factor_low | G1: BHI_factor_high | H1: shelter_seeking_low | I1: shelter_seeking_high | J1: Total_Num_Building_Slight | K1: Total_Num_Building_Moderate | L1: Total_Num_Building_Extensive | M1: Total_Num_Building_Complete | N1: SVI_Value | O1: SVI_Value_Mapped
A2: 6055201102 | B2: 0.6 | C2: 1811 | D2: 1482 | E2: low | F2: 8.0195137e-05 | G2: 0.0054549883 | H2: 0.0036308348 | I2: 0.24697459 | J2: 180.95017 | K2: 6.7682407 | L2: 0.3411391 | M2: 0.002474681 | N2: 0.5508 | O2: 0.025
A3: 6055200804 | B3: 0.58 | C3: 5535 | D3: 1036 | E3: low | F3: 0.017611402 | G3: 0.05757351 | H3: 2.4369777 | I3: 7.9667344 | J3: 451.35993 | K3: 403.33826 | L3: 46.768024 | M3: 4.2051322 | N3: 0.672 | O3: 0.025
A4: 6055200705 | B4: 0.58 | C4: 2845 | D4: 783 | E4: low | F4: 0.03084608 | G4: 0.071323564 | H4: 0 | I4: 0 | J4: 339.85655 | K4: 285.24734 | L4: 42.731014 | M4: 11.664694 | N4: 0.431 | O4: 0
A5: 6055200802 | B5: 0.58 | C5: 5887 | D5: 1322 | E5: low | F5: 0.0042670174 | G5: 0.032508343 | H5: 0.62799829 | I5: 4.7844153 | J5: 661.32124 | K5: 206.96142 | L5: 12.178839 | M5: 1.9718331 | N5: 0.7401 | O5: 0.025
A6: 6055200803 | B6: 0.58 | C6: 2149 | D6: 750 | E6: low | F6: 0.023976657 | G6: 0.066007078 | H6: 0 | I6: 0 | J6: 322.77932 | K6: 290.1458 | L6: 38.040681 | M6: 6.0678413 | N6: 0.4772 | O6: 0
A7: 6055200703 | B7: 0.58 | C7: 3078 | D7: 1182 | E7: low | F7: 0.012433338 | G7: 0.054257784 | H7: 0 | I7: 0 | J7: 551.07677 | K7: 412.60902 | L7: 36.69334 | M7: 1.9989533 | N7: 0.1565 | O7: 0
A8: 6055200201 | B8: 0.56 | C8: 3259 | D8: 1149 | E8: low | F8: 0.024742171 | G8: 0.061995149 | H8: 2.0158684 | I8: 5.0510547 | J8: 495.19717 | K8: 426.08801 | L8: 63.416952 | M8: 12.204563 | N8: 0.7605 | O8: 0.025
A9: 6055200203 | B9: 0.54 | C9: 2312 | D9: 661 | E9: low | F9: 0.011552773 | G9: 0.049497941 | H9: 1.3355005 | I9: 5.721962 | J9: 319.34047 | K9: 203.16425 | L9: 17.501117 | M9: 2.0602928 | N9: 0.8919 | O9: 0.05
A10: 6055200704 | B10: 0.54 | C10: 4493 | D10: 1284 | E10: low | F10: 0.01357282 | G10: 0.053491676 | H10: 1.524567 | I10: 6.0084525 | J10: 607.12938 | K10: 422.08679 | L10: 39.498107 | M10: 4.4819559 | N10: 0.7134 | O10: 0.025
A11: 6055200202 | B11: 0.54 | C11: 2479 | D11: 697 | E11: low | F11: 0.019390791 | G11: 0.053671846 | H11: 2.4034885 | I11: 6.6526254 | J11: 310.32374 | K11: 235.16347 | L11: 32.992116 | M11: 5.6362083 | N11: 0.8404 | O11: 0.05
A12: 6055201101 | B12: 0.54 | C12: 2077 | D12: 820 | E12: low | F12: 0.0087692489 | G12: 0.048817999 | H12: 0 | I12: 0 | J12: 401.78471 | K12: 248.52681 | L12: 17.254047 | M12: 0.91879922 | N12: 0.1857 | O12: 0
A13: 6055200501 | B13: 0.54 | C13: 5159 | D13: 1364 | E13: low | F13: 0.036991147 | G13: 0.070181786 | H13: 9.5418664 | I13: 18.103392 | J13: 606.29689 | K13: 385.24788 | L13: 91.773362 | M13: 31.991378 | N13: 0.8482 | O13: 0.05
... A249: 6013346102 | B249: 0.04 | C249: 5748 | D249: 2307 | E249: low | F249: 4.4068106e-11 | G249: 2.7965328e-06 | H249: 0 | I249: 0 | J249: 0.13240041 | K249: 1.6045136e-05 | L249: 1.4542395e-10 | M249: 1.0769506e-17 | N249: 0.0405 | O249: 0
A250: 6081984300 | B250: 0.04 | C250: 0 | D250: 143 | E250: low | F250: 0 | G250: 0 | J250: 0.62792067 | K250: 0.0013956686 | L250: 6.9432011e-07 | M250: 4.6961514e-11 | N250: -999
A251: 6013325000 | B251: 0.04 | C251: 5733 | D251: 1936 | E251: low | F251: 9.3192328e-09 | G251: 9.7697562e-05 | H251: 0 | I251: 0 | J251: 3.9090186 | K251: 0.0027845404 | L251: 2.033491e-06 | M251: 1.3609003e-10 | N251: 0.4432 | O251: 0
A252: 6013326000 | B252: 0.04 | C252: 3508 | D252: 1345 | E252: low | F252: 2.9746756e-09 | G252: 9.087306e-05 | H252: 0 | I252: 0 | J252: 2.4900845 | K252: 0.00061612682 | L252: 2.6135418e-07 | M252: 1.7610814e-11 | N252: 0.2601 | O252: 0
A253: 6013314106 | B253: 0.04 | C253: 3744 | D253: 1061 | E253: low | F253: 1.6048572e-09 | G253: 4.2655952e-05 | H253: 3.0042927e-07 | I253: 0.0079851943 | J253: 0.93755865 | K253: 0.0002713215 | L253: 2.505349e-09 | M253: 1.3526428e-16 | N253: 0.9165 | O253: 0.05
A254: 6013314105 | B254: 0.04 | C254: 4540 | D254: 937 | E254: low | F254: 1.5225701e-09 | G254: 4.0486979e-05 | H254: 3.4562341e-07 | I254: 0.0091905441 | J254: 0.82638829 | K254: 0.00023904246 | L254: 2.2071722e-09 | M254: 1.1930788e-16 | N254: 0.8381 | O254: 0.05
A255: 6081604104 | B255: 0.04 | C255: 3267 | D255: 652 | E255: low | F255: 3.2186636e-11 | G255: 2.7760637e-06 | H255: 2.6288435e-09 | I255: 0.000226735 | J255: 0.041043371 | K255: 3.6586798e-06 | L255: 5.2819643e-11 | M255: 2.7416514e-17 | N255: 0.6753 | O255: 0.025
A256: 6081604900 | B256: 0.04 | C256: 3387 | D256: 1026 | E256: low | F256: 3.7342554e-12 | G256: 1.7590013e-06 | H256: 3.1619807e-10 | I256: 0.00014894343 | J256: 0.037218578 | K256: 6.0762505e-07 | L256: 4.1880249e-12 | M256: 2.0167045e-18 | N256: 0.5025 | O256: 0.025
A257: 6081604400 | B257: 0.04 | C257: 5287 | D257: 949 | E257: low | F257: 2.0215149e-08 | G257: 0.00010580565 | H257: 2.6719373e-06 | I257: 0.013984862 | J257: 2.4023824 | K257: 0.0034357355 | L257: 2.3805933e-06 | M257: 1.5957079e-10 | N257: 0.6696 | O257: 0.025
A258: 6067009800 | B258: 0.04 | C258: 2183 | D258: 1128 | E258: low | F258: 1.4252366e-09 | G258: 3.7449462e-05 | H258: 7.7782285e-08 | I258: 0.0020438044 | J258: 1.5390739 | K258: 0.00045053718 | L258: 4.1819062e-09 | M258: 2.4718219e-16 | N258: 0.6828 | O258: 0.025
A259: 6013338102 | B259: 0.04 | C259: 3498 | D259: 1195 | E259: low | F259: 3.4458393e-12 | G259: 1.8188834e-06 | H259: 0 | I259: 0 | J259: 0.043800477 | K259: 6.3813433e-07 | L259: 4.1914377e-12 | M259: 2.0167061e-18 | N259: 0.1878 | O259: 0
A260: 6013338201 | B260: 0.04 | C260: 3814 | D260: 1438 | E260: low | F260: 1.6421049e-11 | G260: 2.2086412e-06 | H260: 0 | I260: 0 | J260: 0.071636557 | K260: 4.0949223e-06 | L260: 5.5613395e-11 | M260: 2.8760984e-17 | N260: 0.2974 | O260: 0
A261: 6081607500 | B261: 0.04 | C261: 6613 | D261: 893 | E261: low | F261: 1.6648797e-11 | G261: 2.1865734e-06 | H261: 0 | I261: 0 | J261: 0.049816155 | K261: 2.9160245e-06 | L261: 4.4961065e-11 | M261: 2.8191111e-17 | N261: 0.3258 | O261: 0
A262: 6081607600 | B262: 0.04 | C262: 4269 | D262: 1156 | E262: low | F262: 1.9582338e-11 | G262: 2.3719496e-06 | H262: 2.089925e-09 | I262: 0.00025314632 | J262: 0.058209262 | K262: 3.694676e-06 | L262: 5.2823183e-11 | M262: 2.7416515e-17 | N262: 0.5701 | O262: 0.025
... A337: 6095252915 | B337: 0.04 | C337: 6318 | D337: 1560 | E337: low | F337: 2.4978532e-12 | G337: 1.6822848e-06 | H337: 0 | I337: 0 | J337: 0.053306712 | K337: 6.0867453e-07 | L337: 4.1880145e-12 | M337: 2.0167045e-18 | N337: 0.1547 | O337: 0
A338: 6095253000 | B338: 0.04 | C338: 6640 | D338: 145 | E338: low | F338: 1.1871298e-08 | G338: 6.9527025e-05 | J338: 0.40546529 | K338: 0.0005223227 | L338: 2.5988808e-07 | M338: 1.7610421e-11 | N338: -999
A339: 6095253105 | B339: 0.04 | C339: 6489 | D339: 1286 | E339: low | F339: 7.6371521e-10 | G339: 2.1341325e-05 | H339: 1.238937e-07 | I339: 0.0034620965 | J339: 0.59249746 | K339: 0.000163085 | L339: 1.546946e-09 | M339: 1.2897438e-16 | N339: 0.6662 | O339: 0.025
A340: 6095253106 | B340: 0.04 | C340: 3427 | D340: 864 | E340: low | F340: 8.3419901e-09 | G340: 9.451595e-05 | H340: 7.147e-07 | I340: 0.008097654 | J340: 1.6707027 | K340: 0.0010867542 | L340: 1.1428211e-06 | M340: 9.6593539e-11 | N340: 0.5082 | O340: 0.025
A341: 6095253107 | B341: 0.04 | C341: 5999 | D341: 1599 | E341: low | F341: 3.8972845e-07 | G341: 0.00038678359 | H341: 5.8449525e-05 | I341: 0.058007869 | J341: 13.348979 | K341: 0.10137289 | L341: 7.0543005e-05 | M341: 9.9577757e-10 | N341: 0.641 | O341: 0.025
A342: 6095253201 | B342: 0.04 | C342: 4821 | D342: 1888 | E342: low | F342: 1.3856689e-07 | G342: 0.00019560914 | H342: 0 | I342: 0 | J342: 7.4764708 | K342: 0.03983504 | L342: 2.721407e-05 | M342: 3.3554629e-10 | N342: 0.1472 | O342: 0
A343: 6095253203 | B343: 0.04 | C343: 4179 | D343: 1350 | E343: low | F343: 6.8616016e-08 | G343: 0.00014145363 | H343: 0 | I343: 0 | J343: 4.0336145 | K343: 0.014676206 | L343: 1.0323909e-05 | M343: 2.2267145e-10 | N343: 0.4727 | O343: 0
A344: 6095253205 | B344: 0.04 | C344: 3091 | D344: 841 | E344: low | F344: 1.0598742e-10 | G344: 4.5181949e-06 | H344: 8.1901782e-09 | I344: 0.00034914351 | J344: 0.080376906 | K344: 1.4501023e-05 | L344: 1.3198495e-10 | M344: 8.855166e-18 | N344: 0.6664 | O344: 0.025
A345: 6095253206 | B345: 0.04 | C345: 3688 | D345: 1261 | E345: low | F345: 2.2606788e-12 | G345: 1.7174492e-06 | H345: 0 | I345: 0 | J345: 0.044732528 | K345: 4.5282098e-07 | L345: 2.7967232e-12 | M345: 1.3444718e-18 | N345: 0.0398 | O345: 0
A346: 6095253207 | B346: 0.04 | C346: 2332 | D346: 834 | E346: low | F346: 1.7226551e-07 | G346: 0.00023224646 | H346: 0 | I346: 0 | J346: 3.9247933 | K346: 0.021909542 | L346: 1.4790483e-05 | M346: 1.9607161e-10 | N346: 0.2733 | O346: 0
A347: 6095253208 | B347: 0.04 | C347: 5173 | D347: 1224 | E347: low | F347: 1.6771149e-07 | G347: 0.00022674135 | H347: 2.1689289e-05 | I347: 0.029323326 | J347: 5.7458235 | K347: 0.03198489 | L347: 2.1590433e-05 | M347: 2.8476006e-10 | N347: 0.7255 | O347: 0.025
A348: 6095253300 | B348: 0.04 | C348: 2527 | D348: 2793 | E348: low | F348: 2.0488258e-10 | G348: 6.4903444e-06 | H348: 0 | I348: 0 | J348: 0.63708381 | K348: 0.00015468255 | L348: 1.4174303e-09 | M348: 8.5408952e-17 | N348: 0.4966 | O348: 0
A349: 6095253501 | B349: 0.04 | C349: 6327 | D349: 3200 | E349: low | F349: 3.3683945e-11 | G349: 4.9409631e-06 | H349: 0 | I349: 0 | J349: 0.38842584 | K349: 2.0365122e-05 | L349: 1.2724861e-10 | M349: 6.1173468e-17 | N349: 0.4259 | O349: 0
A350: 6095253502 | B350: 0.04 | C350: 4637 | D350: 2115 | E350: low | F350: 3.1346415e-11 | G350: 4.6030079e-06 | H350: 3.6338331e-09 | I350: 0.00053360369 | J350: 0.25640189 | K350: 1.342873e-05 | L350: 8.3900208e-11 | M350: 4.0334155e-17 | N350: 0.5099 | O350: 0.025
... A386: 6041120002 | B386: 0.04 | C386: 5177 | D386: 1842 | E386: low | F386: 2.044672e-11 | G386: 2.4348782e-06 | H386: 0 | I386: 0 | J386: 0.095777985 | K386: 6.1832709e-06 | L386: 9.4990692e-11 | M386: 5.4263156e-17 | N386: 0.3973 | O386: 0
A387: 6013980000 | B387: 0.04 | C387: 491 | D387: 8 | E387: low | F387: 1.549797e-10 | G387: 5.6568662e-05 | J387: 0.012067694 | K387: 2.5432532e-07 | L387: 7.7843913e-15 | M387: 3.6346241e-24 | N387: -999
A388: 6097153804 | B388: 0.04 | C388: 3231 | D388: 869 | E388: low | F388: 2.9997045e-09 | G388: 9.0731718e-05 | H388: 0 | I388: 0 | J388: 1.604161 | K388: 0.00040071848 | L388: 1.7399069e-07 | M388: 1.1740477e-11 | N388: 0.1404 | O388: 0
A389: 6097153806 | B389: 0.04 | C389: 2686 | D389: 802 | E389: low | F389: 3.0894553e-09 | G389: 8.7641547e-05 | H389: 2.0745692e-07 | I389: 0.0058851299 | J389: 1.4810616 | K389: 0.00039436613 | L389: 1.7397761e-07 | M389: 1.1740477e-11 | N389: 0.653 | O389: 0.025
A390: 6097153807 | B390: 0.04 | C390: 3957 | D390: 1585 | E390: low | F390: 1.0079299e-10 | G390: 4.1149882e-06 | H390: 0 | I390: 0 | J390: 0.14415029 | K390: 2.71555e-05 | L390: 2.4912246e-10 | M390: 1.5123751e-17 | N390: 0.0293 | O390: 0
A391: 6097153808 | B391: 0.04 | C391: 4313 | D391: 1096 | E391: low | F391: 1.437169e-09 | G391: 3.8352243e-05 | H391: 1.5496274e-07 | I391: 0.0041353306 | J391: 1.0155309 | K391: 0.00029271081 | L391: 2.7012257e-09 | M391: 1.4753867e-16 | N391: 0.7173 | O391: 0.025
A392: 6097153809 | B392: 0.04 | C392: 4510 | D392: 1372 | E392: low | F392: 1.2606664e-09 | G392: 3.3972003e-05 | H392: 1.4214013e-07 | I392: 0.0038303433 | J392: 0.96421922 | K392: 0.00027522125 | L392: 2.540093e-09 | M392: 1.3831836e-16 | N392: 0.5496 | O392: 0.025
A393: 6097153810 | B393: 0.04 | C393: 4135 | D393: 1647 | E393: low | F393: 2.7462478e-10 | G393: 9.0602602e-06 | H393: 2.8389336e-08 | I393: 0.0009366044 | J393: 0.35125762 | K393: 8.1888551e-05 | L393: 7.6963827e-10 | M393: 7.1750389e-17 | N393: 0.7043 | O393: 0.025
A394: 6097153902 | B394: 0.04 | C394: 4436 | D394: 1553 | E394: low | F394: 1.2130475e-07 | G394: 0.00017384369 | H394: 1.3452696e-05 | I394: 0.019279265 | J394: 7.0944152 | K394: 0.037229009 | L394: 2.546015e-05 | M394: 4.4222343e-10 | N394: 0.7096 | O394: 0.025
A395: 6097153903 | B395: 0.04 | C395: 3588 | D395: 1616 | E395: low | F395: 9.4872631e-09 | G395: 9.5233348e-05 | H395: 0 | I395: 0 | J395: 3.2187605 | K395: 0.0023899826 | L395: 1.8594358e-06 | M395: 1.2434955e-10 | N395: 0.1587 | O395: 0
A396: 6097153904 | B396: 0.04 | C396: 1753 | D396: 998 | E396: low | F396: 5.4298454e-10 | G396: 1.5495371e-05 | H396: 0 | I396: 0 | J396: 0.37539542 | K396: 0.00010117988 | L396: 9.320712e-10 | M396: 5.2267766e-17 | N396: 0.1092 | O396: 0
A397: 6097153905 | B397: 0.04 | C397: 3391 | D397: 1423 | E397: low | F397: 5.3789754e-10 | G397: 1.5368965e-05 | H397: 4.5600264e-08 | I397: 0.001302904 | J397: 0.53594483 | K397: 0.00014427616 | L397: 1.3288872e-09 | M397: 7.4697484e-17 | N397: 0.6158 | O397: 0.025
A398: 6095252910 | B398: 0.04 | C398: 5788 | D398: 1687 | E398: low | F398: 5.3601735e-09 | G398: 9.3484744e-05 | H398: 0 | I398: 0 | J398: 3.1904567 | K398: 0.0013775045 | L398: 7.1743912e-07 | M398: 2.7756212e-11 | N398: 0.3501 | O398: 0
A399: 6095980000 | B399: 0.04 | C399: 4 | D399: 210 | E399: low | F399: 0 | G399: 0 | J399: 0.84285793 | K399: 0.0012743412 | L399: 5.2468335e-07 | M399: 3.5222027e-11 | N399: -999
A400: 6095252908 | B400: 0.04 | C400: 3825 | D400: 944 | E400: low | F400: 5.7519631e-12 | G400: 1.9816451e-06 | H400: 5.5003147e-10 | I400: 0.00018949481 | J400: 0.038180988 | K400: 8.5228433e-07 | L400: 5.5895606e-12 | M400: 2.688942e-18 | N400: 0.5026 | O400: 0.025
A401: 6013368002 | B401: 0.04 | C401: 4148 | D401: 818 | E401: low | F401: 2.7812761e-10 | G401: 8.8870374e-06 | H401: 5.7683666e-08 | I401: 0.0018431716 | J401: 0.15727283 | K401: 3.7856133e-05 | L401: 3.6950506e-10 | M401: 4.3168191e-17 | N401: 0.965 | O401: 0.05
A402: 6013378000 | B402: 0.04 | C402: 3892 | D402: 2310 | E402: low | F402: 1.5952444e-11 | G402: 1.6435488e-06 | H402: 0 | I402: 0 | J402: 0.15291022 | K402: 1.1410921e-05 | L402: 1.576013e-10 | M402: 8.6385323e-17 | N402: 0.1388 | O402: 0
A403: 6041132200 | B403: 0.04 | C403: 1824 | D403: 1386 | E403: low | F403: 2.4215709e-14 | G403: 6.8821962e-08 | H403: 0 | I403: 0 | J403: 0.0025522453 | K403: 6.9079598e-09 | L403: 2.7707921e-16 | M403: 2.6052687e-26 | N403: 0.284 | O403: 0
A404: 6041133000 | B404: 0.04 | C404: 3215 | D404: 3259 | E404: low | F404: 1.4737805e-10 | G404: 5.0051322e-06 | H404: 0 | I404: 0 | J404: 0.50615536 | K404: 0.00011463056 | L404: 1.0511376e-09 | M404: 6.40166e-17 | N404: 0.2486 | O404: 0
A405: 6013331000 | B405: 0.04 | C405: 7337 | D405: 2329 | E405: low | F405: 3.1963587e-10 | G405: 9.9858696e-06 | H405: 5.8629209e-08 | I405: 0.0018316581 | J405: 0.48740502 | K405: 0.00011999548 | L405: 1.1247219e-09 | M405: 8.7764842e-17 | N405: 0.7638 | O405: 0.025
A406: 6013369001 | B406: 0.04 | C406: 6771 | D406: 1034 | E406: low | F406: 1.8334866e-09 | G406: 4.8744045e-05 | H406: 6.2072689e-07 | I406: 0.016502296 | J406: 1.1500652 | K406: 0.00033274026 | L406: 3.1137696e-09 | M406: 2.1341773e-16 | N406: 0.9622 | O406: 0.05
A407: 6013369002 | B407: 0.04 | C407: 2839 | D407: 896 | E407: low | F407: 2.8610679e-10 | G407: 9.1106486e-06 | H407: 2.0306429e-08 | I407: 0.00064662828 | J407: 0.17662267 | K407: 4.2660155e-05 | L407: 4.1349667e-10 | M407: 4.6119911e-17 | N407: 0.6803 | O407: 0.025
A408: 6095252904 | B408: 0.04 | C408: 8478 | D408: 3582 | E408: low | F408: 8.6316737e-10 | G408: 2.3900919e-05 | H408: 1.8294832e-07 | I408: 0.0050657998 | J408: 1.906529 | K408: 0.00052959938 | L408: 4.8811852e-09 | M408: 2.7196166e-16 | N408: 0.5914 | O408: 0.025
A409: 6013367200 | B409: 0.04 | C409: 5754 | D409: 1197 | E409: low | F409: 8.460343e-09 | G409: 9.1485715e-05 | H409: 2.4340407e-06 | I409: 0.02632044 | J409: 2.4121429 | K409: 0.0016578258 | L409: 1.4041249e-06 | M409: 1.1420435e-10 | N409: 0.8483 | O409: 0.05
A410: 6095252801 | B410: 0.04 | C410: 2635 | D410: 676 | E410: low | F410: 1.8230476e-09 | G410: 1.938553e-05 | H410: 0 | I410: 0 | J410: 1.2736382 | K410: 0.00087740249 | L410: 1.0554211e-06 | M410: 9.0723202e-11 | N410: 0.1982 | O410: 0
A411: 6095252802 | B411: 0.04 | C411: 1472 | D411: 285 | E411: low | F411: 0 | G411: 0 | H411: 0 | I411: 0 | J411: 0.65416569 | K411: 0.00057054346 | L411: 2.6132859e-07 | M411: 1.7610813e-11 | N411: 0.2667 | O411: 0
... A1011: 6075980900 | B1011: 0.02 | C1011: 1248 | D1011: 462 | E1011: low | F1011: 1.1711137e-11 | G1011: 5.057093e-07 | H1011: 3.6538749e-10 | I1011: 1.577813e-05 | J1011: 0.12696341 | K1011: 2.2612155e-05 | L1011: 2.2007605e-10 | M1011: 4.4133777e-17 | N1011: 0.5685 | O1011: 0.025
A1012: 6075980501 | B1012: 0.02 | C1012: 125 | D1012: 16 | E1012: low | F1012: 2.7225426e-15 | G1012: 1.7216628e-07 | J1012: 0.00044074562 | K1012: 5.3613146e-11 | L1012: 7.503055e-21 | M1012: 2.6319024e-32 | N1012: -999
A1013: 6075061402 | B1013: 0.02 | C1013: 2545 | D1013: 156 | E1013: low | F1013: 2.7707706e-15 | G1013: 3.3862423e-08 | H1013: 0 | I1013: 0 | J1013: 0.00013734589 | K1013: 8.6447939e-11 | L1013: 2.4393338e-18 | M1013: 2.688175e-27 | N1013: 0.0589 | O1013: 0
A1014: 6075980300 | B1014: 0.02 | C1014: 284 | D1014: 81 | E1014: low | F1014: 3.9659723e-13 | G1014: 7.5303739e-08 | H1014: 0 | I1014: 0 | J1014: 0.0049404522 | K1014: 2.0010055e-07 | L1014: 1.3951078e-12 | M1014: 6.722343e-19 | N1014: 0.0144 | O1014: 0
A1015: 6075980200 | B1015: 0.02 | C1015: 79 | D1015: 37 | E1015: low | F1015: 1.364778e-16 | G1015: 1.501729e-09 | J1015: 4.1117306e-05 | K1015: 2.874429e-11 | L1015: 8.131088e-19 | M1015: 8.9605832e-28 | N1015: -999
A1016: 6075061508 | B1016: 0.02 | C1016: 2507 | D1016: 43 | E1016: low | F1016: 1.45356e-11 | G1016: 1.8977378e-06 | H1016: 0 | I1016: 0 | J1016: 0.0036933511 | K1016: 2.175629e-07 | L1016: 1.3981887e-12 | M1016: 6.7223591e-19 | N1016: 0.4731 | O1016: 0
A1017: 6075061507 | B1017: 0.02 | C1017: 1738 | D1017: 56 | E1017: low | F1017: 1.37052e-12 | G1017: 2.13442e-07 | H1017: 0 | I1017: 0 | J1017: 0.0044621118 | K1017: 2.2034858e-07 | L1017: 1.398258e-12 | M1017: 6.7223591e-19 | N1017: 0.3789 | O1017: 0
A1018: 6075061506 | B1018: 0.02 | C1018: 4452 | D1018: 27 | E1018: low | F1018: 3.5592695e-13 | G1018: 1.0639673e-06 | H1018: 0 | I1018: 0 | J1018: 0.0011080427 | K1018: 2.8513239e-09 | L1018: 6.9325428e-17 | M1018: 8.7859908e-28 | N1018: 0.0478 | O1018: 0
A1019: 6075061505 | B1019: 0.02 | C1019: 1051 | D1019: 4 | E1019: low | F1019: 8.3597488e-15 | G1019: 5.7472757e-07 | H1019: 0 | I1019: 0 | J1019: 6.1304267e-05 | K1019: 6.859281e-12 | L1019: 2.786826e-22 | M1019: 8.1851396e-35 | N1019: 0.0293 | O1019: 0
A1020: 6075061504 | B1020: 0.02 | C1020: 2246 | D1020: 10 | E1020: low | F1020: 2.2926821e-14 | G1020: 8.339336e-07 | H1020: 0 | I1020: 0 | J1020: 0.0002779778 | K1020: 5.8786718e-11 | L1020: 4.7027441e-20 | M1020: 2.4073656e-31 | N1020: 0.271 | O1020: 0
A1021: 6075061503 | B1021: 0.02 | C1021: 4039 | D1021: 42 | E1021: low | F1021: 1.3632006e-11 | G1021: 1.7650244e-06 | H1021: 0 | I1021: 0 | J1021: 0.003662699 | K1021: 2.1755947e-07 | L1021: 1.3981887e-12 | M1021: 6.7223591e-19 | N1021: 0.4602 | O1021: 0
A1022: 6075061502 | B1022: 0.02 | C1022: 2454 | D1022: 31 | E1022: low | F1022: 1.6186814e-11 | G1022: 1.937286e-06 | H1022: 9.9306105e-10 | I1022: 0.00011885249 | J1022: 0.0033847212 | K1022: 2.1750068e-07 | L1022: 1.3981887e-12 | M1022: 6.7223591e-19 | N1022: 0.7765 | O1022: 0.025
A1023: 6075061501 | B1023: 0.02 | C1023: 2106 | D1023: 70 | E1023: low | F1023: 2.9246469e-12 | G1023: 4.8996356e-07 | H1023: 0 | I1023: 0 | J1023: 0.0048013938 | K1023: 2.2041422e-07 | L1023: 1.3982581e-12 | M1023: 6.7223591e-19 | N1023: 0.1534 | O1023: 0
A1024: 6075040200 | B1024: 0.02 | C1024: 5539 | D1024: 111 | E1024: low | F1024: 1.6113335e-11 | G1024: 2.1101068e-06 | H1024: 0 | I1024: 0 | J1024: 0.006932507 | K1024: 4.071278e-07 | L1024: 2.7930222e-12 | M1024: 1.3444702e-18 | N1024: 0.4407 | O1024: 0
A1025: 6075040100 | B1025: 0.02 | C1025: 4417 | D1025: 142 | E1025: low | F1025: 6.5103007e-11 | G1025: 3.8320632e-06 | H1025: 7.1889995e-09 | I1025: 0.00042315557 | J1025: 0.012876387 | K1025: 1.6814484e-06 | L1025: 3.6584284e-11 | M1025: 2.4157702e-17 | N1025: 0.5065 | O1025: 0.025
A1026: 6075035400 | B1026: 0.02 | C1026: 6696 | D1026: 247 | E1026: low | F1026: 5.4959045e-12 | G1026: 1.9124517e-06 | H1026: 9.2001442e-10 | I1026: 0.00032014441 | J1026: 0.0098876145 | K1026: 2.1851949e-07 | L1026: 1.3981912e-12 | M1026: 6.7223591e-19 | N1026: 0.6032 | O1026: 0.025
A1027: 6075030101 | B1027: 0.02 | C1027: 4592 | D1027: 106 | E1027: low | F1027: 2.0227929e-11 | G1027: 2.5442805e-06 | H1027: 0 | I1027: 0 | J1027: 0.0066478048 | K1027: 4.0646683e-07 | L1027: 2.7930155e-12 | M1027: 1.3444702e-18 | N1027: 0.2515 | O1027: 0
... A1284: 6041123000 | B1284: 0.02 | C1284: 2131 | D1284: 1054 | E1284: low | F1284: 4.9786487e-12 | G1284: 1.8802588e-06 | H1284: 0 | I1284: 0 | J1284: 0.040836003 | K1284: 8.3153453e-07 | L1284: 5.5864399e-12 | M1284: 2.6889404e-18 | N1284: 0.0352 | O1284: 0
A1285: 6041122000 | B1285: 0.02 | C1285: 3669 | D1285: 197 | E1285: low | F1285: 5.6924685e-13 | G1285: 1.5594307e-06 | J1285: 0.0093829076 | K1285: 2.6346903e-08 | L1285: 6.3742838e-16 | M1285: 6.2833868e-27 | N1285: -999
A1286: 6041120001 | B1286: 0.02 | C1286: 1374 | D1286: 284 | E1286: low | F1286: 8.4008511e-12 | G1286: 2.0188838e-06 | H1286: 0 | I1286: 0 | J1286: 0.012922953 | K1286: 4.1354425e-07 | L1286: 2.7931654e-12 | M1286: 1.3444702e-18 | N1286: 0.2605 | O1286: 0
A1287: 6041119202 | B1287: 0.02 | C1287: 3567 | D1287: 1271 | E1287: low | F1287: 3.1337854e-12 | G1287: 1.7780866e-06 | H1287: 0 | I1287: 0 | J1287: 0.045233859 | K1287: 6.1308089e-07 | L1287: 4.1881545e-12 | M1287: 2.0167045e-18 | N1287: 0.0522 | O1287: 0
A1288: 6041119100 | B1288: 0.02 | C1288: 4796 | D1288: 1729 | E1288: low | F1288: 1.0350125e-10 | G1288: 4.3772318e-06 | H1288: 0 | I1288: 0 | J1288: 0.16072221 | K1288: 2.922715e-05 | L1288: 2.8849674e-10 | M1288: 4.0625922e-17 | N1288: 0.3189 | O1288: 0
A1289: 6041118100 | B1289: 0.02 | C1289: 2338 | D1289: 932 | E1289: low | F1289: 2.813011e-12 | G1289: 1.7168851e-06 | H1289: 0 | I1289: 0 | J1289: 0.033362558 | K1289: 4.2036864e-07 | L1289: 2.7932565e-12 | M1289: 1.3444702e-18 | N1289: 0.0549 | O1289: 0
A1290: 6041117000 | B1290: 0.02 | C1290: 4713 | D1290: 1494 | E1290: low | F1290: 1.867581e-11 | G1290: 2.4357753e-06 | H1290: 0 | I1290: 0 | J1290: 0.080538905 | K1290: 4.7479062e-06 | L1290: 5.9807964e-11 | M1290: 3.0777692e-17 | N1290: 0.2136 | O1290: 0
A1291: 6041116000 | B1291: 0.02 | C1291: 3150 | D1291: 931 | E1291: low | F1291: 1.366882e-10 | G1291: 5.2906691e-06 | H1291: 0 | I1291: 0 | J1291: 0.10256636 | K1291: 2.0379413e-05 | L1291: 2.0837271e-10 | M1291: 3.3947884e-17 | N1291: 0.106 | O1291: 0
A1292: 6041115000 | B1292: 0.02 | C1292: 7489 | D1292: 2752 | E1292: low | F1292: 4.5692636e-11 | G1292: 2.8632171e-06 | H1292: 0 | I1292: 0 | J1292: 0.16246969 | K1292: 1.9939541e-05 | L1292: 1.8016781e-10 | M1292: 1.3823593e-17 | N1292: 0.2359 | O1292: 0
A1293: 6041114200 | B1293: 0.02 | C1293: 3164 | D1293: 924 | E1293: low | F1293: 1.214283e-11 | G1293: 1.9182535e-06 | H1293: 0 | I1293: 0 | J1293: 0.038624263 | K1293: 1.8792454e-06 | L1293: 3.797926e-11 | M1293: 2.4829936e-17 | N1293: 0.4469 | O1293: 0
A1294: 6041114100 | B1294: 0.02 | C1294: 5245 | D1294: 1563 | E1294: low | F1294: 5.6739176e-11 | G1294: 3.2758451e-06 | H1294: 0 | I1294: 0 | J1294: 0.10871717 | K1294: 1.4480637e-05 | L1294: 1.5145888e-10 | M1294: 3.3889829e-17 | N1294: 0.2088 | O1294: 0
A1295: 6041113000 | B1295: 0.02 | C1295: 3910 | D1295: 1383 | E1295: low | F1295: 4.4215621e-11 | G1295: 2.8158301e-06 | H1295: 0 | I1295: 0 | J1295: 0.085274306 | K1295: 1.0297669e-05 | L1295: 9.2181225e-11 | M1295: 7.9201501e-18 | N1295: 0.2212 | O1295: 0
A1296: 6041128200 | B1296: 0.02 | C1296: 4876 | D1296: 1989 | E1296: low | F1296: 7.7762196e-12 | G1296: 1.9418973e-06 | H1296: 0 | I1296: 0 | J1296: 0.079566167 | K1296: 2.4501898e-06 | L1296: 1.9035264e-11 | M1296: 4.6032854e-18 | N1296: 0.0589 | O1296: 0
A1297: 6041130201 | B1297: 0.02 | C1297: 3444 | D1297: 1343 | E1297: low | F1297: 2.6813975e-11 | G1297: 2.6516382e-06 | H1297: 0 | I1297: 0 | J1297: 0.07397068 | K1297: 5.7505165e-06 | L1297: 9.2197086e-11 | M1297: 5.2918686e-17 | N1297: 0.0949 | O1297: 0
... A1431: 6001444304 | B1431: 0.02 | C1431: 7202 | D1431: 1308 | E1431: low | F1431: 3.5103495e-16 | G1431: 1.0566331e-08 | H1431: 0 | I1431: 0 | J1431: 0.00033018356 | K1431: 8.4379672e-11 | L1431: 2.4388564e-18 | M1431: 2.6881748e-27 | N1431: 0.2138 | O1431: 0
A1432: 6001444303 | B1432: 0.02 | C1432: 5 | D1432: 19 | E1432: low | F1432: 0 | G1432: 0 | J1432: 3.2094126e-06 | K1432: 6.1202582e-16 | L1432: 1.0469212e-29 | M1432: 6.1095228e-46 | N1432: -999
...

Sheet process flow

Sheet building usability & utility lo
A1: Storm Surge Shelter Demand Model – Input Configuration
A2: Welcome! This interface is designed to help the user configure inputs for the Storm Surge Shelter Demand Model. Instructions: - Step 1: Required inputs from NHC forecasts. - Steps 2, 3, 4, 5: Inputs are filled with default values. Modification of these inputs is optional and at the user's discretion (refer to Data Dictionary tab). - Step 5: A Python code snippet will be automatically generated. Copy directly into Google Colab. - Step 6: Paste code snipper directly from Google Colab.
A3: Select the variable names to see their definition and any associated data validation rules
A4: Step 1: Required inputs from NHC forecasts
A6: Storm ID
A7: Storm Name
A8: # of Latest Advisory
A9: Year | C9: 2026
A11: Step : Criteria for damage levels (optional)
A12: Damage Type | C12: % Destroyed | D12: % Major Damage
A13: High | C13: 0.35 | D13: 0.35
A14: Medium | C14: 11 - 34 | D14: 16 - 34
A15: Low | C15: 0 - 10 | D15: 0 - 15
A16: Step 3: Building Usability Thresholds (optional)
A17: Damage Type | C17: % Fully Usable | D17: % Partially Usable | E17: % Non-Usable
A18: Slight | C18: 1 | D18: 0 | E18: 0
A19: Moderate | C19: 0.87 | D19: 0.13 | E19: 0
A20: Extensive | C20: 0.25 | D20: 0.5 | E20: 0.25
A21: Complete | C21: 0 | D21: 0.02 | E21: 0.98
A22: Step 4: Utility Loss Severity by Damage Category (optional)
A23: % Non-Habitable | B23: Fully Usable Buildings | D23: Partially Usable Buildings
A24: Severity | B24: Low | C24: High | D24: Low | E24: High
A25: Low | B25: 0 | C25: 0.05 | D25: 0.05 | E25: 0.1
A26: Medium | B26: 0 | C26: 0.1 | D26: 0.3 | E26: 0.5
A27: High | B27: 0.1 | C27: 0.3 | D27: 0.6 | E27: 0.8
A28: Step 5: SVI Mapping Threshold (optional)
A29: SVI Range | D29: % Non-Habitable Residents Seeking Shelter
A30: 0.0-0.4 | D30: 0
A31: 0.4-0.8 | D31: 0.025
A32: 0.8-1.0 | D32: 0.05
A33: Step 6: Copy the output from the cell below
A34: ="params = {" & CHAR(10) & """event_id"": """ & C6 & """," & CHAR(10) & """BLDNG_USABILITY"": {" & CHAR(10) & """Slight"":{""FU"":" & TEXT(C18,"0.00") & ",""PU"":" & TEXT(D18,"0.00") & ",""NU"":" & TEXT(E18,"0.00") & "}," & CHAR(10) & """Moderate"":{""FU"":" & TEXT(C19,"0.00") & ",""PU"":" & TEXT(D19,"0.00") & ",""NU"":" & TEXT(E19,"0.00") & "}," & CHAR(10) & """Extensive"":{""FU"":" & TEXT(C20,"0.00") & ",""PU"":" & TEXT(D20,"0.00") & ",""NU"":" & TEXT(E20,"0.00") & "}," & CHAR(10) & """Complete"":{""FU"":" & TEXT(C21,"0.00") & ",""PU"":" & TEXT(D21,"0.00") & ",""NU"":" & TEXT(E21,"0.00") & "}" & CHAR(10) & "}," & CHAR(10) & """UL_SEVERITY"": {" & CHAR(10) & """low"": {""FU"": [" & TEXT(B25,"0.00") & "," & TEXT(C25,"0.00") & "], ""PU"": [" & TEXT(D25,"0.00") & "," & TEXT(E25,"0.00") & "]}," & CHAR(10) & """medium"": {""FU"": [" & TEXT(B26,"0.00") & "," & TEXT(C26,"0.00") & "], ""PU"": [" & TEXT(D26,"0.00") & "," & TEXT(E26,"0.00") & "]}," & CHAR(10) & """high"": {""FU"": [" & TEXT(B27,"0.00") & "," & TEXT(C27,"0.00") & "], ""PU"": [" & TEXT(D27,"0.00") & "," & TEXT(E27,"0.00") & "]}" & CHAR(10) & "}," & CHAR(10) & """SVI_THRESHOLD"": [ " & TEXT(D30,"0.000") & ", " & TEXT(D31,"0.000") & ", " & TEXT(D32,"0.000") & " ]" & CHAR(10) & "}" -> params = { "event_id": "", "BLDNG_USABILITY": { "Slight":{"FU":1.00,"PU":0.00,"NU":0.00}, "Moderate":{"FU":0.87,"PU":0.13,"NU":0.00}, "Extensive":{"FU":0.25,"PU":0.50,"NU":0.25}, "Complete":{"FU":0.00,"PU":0.02,"NU":0.98} }, "UL_SEVERITY": { "low": {"FU": [0.00,0.05], "PU": [0.05,0.10]}, "medium": {"FU": [0.00,0.10], "PU": [0.30,0.50]}, "high": {"FU": [0.10,0.30], "PU": [0.60,0.80]} }, "SVI_THRESHOLD": [ 0.000, 0.025, 0.050 ] }
A35: Step 7: Click on the Paste button to transfer the outputs here
A36: params = { "event_id": "ci3144585", "intensity_metric": "min", "BLDNG_USABILITY": { "Slight":{"FU":1.00,"PU":0.00,"NU":0.00}, "Moderate":{"FU":0.87,"PU":0.13,"NU":0.00}, "Extensive":{"FU":0.25,"PU":0.50,"NU":0.25}, "Complete":{"FU":0.00,"PU":0.02,"NU":0.98} }, "UL_SEVERITY": { "low": {"FU": [0.00,0.05], "PU": [0.05,0.10]}, "medium": {"FU": [0.00,0.10], "PU": [0.30,0.50]}, "high": {"FU": [0.10,0.30], "PU": [0.60,0.80]} }, "SVI_THRESHOLD": [ 0.000, 0.025, 0.050 ] }
